{"cameraMode":{"drawMode":0,"name":"Shaded","section":"Shading Mode"},"sceneLighting":true,"audioPlay":false,"sceneViewState":{"showFog":true,"showMaterialUpdate":false,"showSkybox":true,"showFlares":true,"showImageEffects":true,"showParticleSystems":true},"in2DMode":false,"pivot":{"x":-0.7464987635612488,"y":3.6301541328430177,"z":15.30780029296875},"rotation":{"x":-0.12448332458734513,"y":0.006546046119183302,"z":-0.0008211230160668492,"w":-0.9922012090682983},"size":14.417941093444825,"orthographic":false}